"schid","minority","female","ses","mathach","size","schtype","meanses"
"1224",0,1,-1.528,5.876,842,0,-0.428
"1224",0,1,-0.588,19.708,842,0,-0.428
"1224",0,0,-0.528,20.349,842,0,-0.428
"1224",0,0,-0.668,8.781,842,0,-0.428
"1224",0,0,-0.158,17.898,842,0,-0.428
"1224",0,0,0.022,4.583,842,0,-0.428
"1224",0,1,-0.618,-2.832,842,0,-0.428
"1224",0,0,-0.998,0.523,842,0,-0.428
"1224",0,1,-0.888,1.527,842,0,-0.428
"1224",0,0,-0.458,21.521,842,0,-0.428
"1224",0,1,-1.448,9.475,842,0,-0.428
"1224",0,1,-0.658,16.057,842,0,-0.428
"1224",0,0,-0.468,21.178,842,0,-0.428
"1224",0,1,-0.988,20.178,842,0,-0.428
"1224",0,0,0.332,20.349,842,0,-0.428
"1224",0,1,-0.678,20.508,842,0,-0.428
"1224",0,0,-0.298,19.338,842,0,-0.428
"1224",1,0,-1.528,4.145,842,0,-0.428
"1224",0,1,0.042,2.927,842,0,-0.428
"1224",0,0,-0.078,16.405,842,0,-0.428
"1224",0,1,0.062,13.653,842,0,-0.428
"1224",0,1,-0.128,6.558,842,0,-0.428
"1224",0,1,0.472,9.653,842,0,-0.428
"1224",0,0,-0.468,3.154,842,0,-0.428
"1224",1,1,-1.248,4.753,842,0,-0.428
"1224",0,0,-0.628,21.721,842,0,-0.428
"1224",0,1,0.832,5.166,842,0,-0.428
"1224",0,1,-0.568,6.399,842,0,-0.428
"1224",0,1,-0.258,6.821,842,0,-0.428
"1224",0,1,-0.138,9.255,842,0,-0.428
"1224",0,1,-0.478,3.745,842,0,-0.428
"1224",0,1,-0.948,0.858,842,0,-0.428
"1224",0,1,0.282,11.542,842,0,-0.428
"1224",0,1,-0.118,13.255,842,0,-0.428
"1224",0,0,-0.878,10.557,842,0,-0.428
"1224",0,0,-0.938,0.868,842,0,-0.428
"1224",0,0,-0.548,8.296,842,0,-0.428
"1224",1,0,0.142,-1.688,842,0,-0.428
"1224",0,1,0.972,2.059,842,0,-0.428
"1224",0,0,0.372,6.714,842,0,-0.428
"1224",1,0,-1.658,0.122,842,0,-0.428
"1224",0,1,-1.068,2.381,842,0,-0.428
"1224",0,1,-0.248,16.336,842,0,-0.428
"1224",0,1,-1.398,6.134,842,0,-0.428
"1224",0,1,0.752,23.584,842,0,-0.428
"1224",0,1,0.012,14.053,842,0,-0.428
"1224",0,1,-0.418,2.183,842,0,-0.428
"1288",0,1,-0.788,7.857,1855,0,0.128
"1288",1,0,-0.328,10.171,1855,0,0.128
"1288",0,0,0.472,15.699,1855,0,0.128
"1288",0,1,0.352,22.919,1855,0,0.128
"1288",1,1,-1.468,10.664,1855,0,0.128
"1288",0,1,0.202,13.543,1855,0,0.128
"1288",0,0,-0.518,18.207,1855,0,0.128
"1288",1,0,-0.158,5.552,1855,0,0.128
"1288",0,0,0.042,7.416,1855,0,0.128
"1288",0,0,0.682,18.792,1855,0,0.128
"1288",0,0,1.262,1.575,1855,0,0.128
"1288",0,1,0.152,3.534,1855,0,0.128
"1288",0,1,-0.678,20.173,1855,0,0.128
"1288",0,1,0.332,10.772,1855,0,0.128
"1288",0,1,-0.728,2.619,1855,0,0.128
"1288",0,1,1.262,21.3,1855,0,0.128
"1288",0,0,0.612,19.527,1855,0,0.128
"1288",0,1,0.692,18.402,1855,0,0.128
"1288",0,1,1.082,20.69,1855,0,0.128
"1288",0,0,0.222,21.437,1855,0,0.128
"1288",0,0,0.032,7.519,1855,0,0.128
"1288",0,0,-0.118,18.397,1855,0,0.128
"1288",0,0,-0.488,4.617,1855,0,0.128
"1288",0,0,0.322,23.578,1855,0,0.128
"1288",0,0,0.592,12.81,1855,0,0.128
"1296",1,1,-0.148,12.668,1719,0,-0.42
"1296",1,0,-0.858,0.781,1719,0,-0.42
"1296",1,1,-1.568,4.968,1719,0,-0.42
"1296",1,0,-0.898,23.172,1719,0,-0.42
"1296",1,1,-0.288,8.278,1719,0,-0.42
"1296",1,1,-1.088,6.244,1719,0,-0.42
"1296",1,1,-1.388,1.326,1719,0,-0.42
"1296",1,0,-1.148,2.359,1719,0,-0.42
"1296",1,1,-0.558,6.757,1719,0,-0.42
"1296",1,1,-0.698,6.251,1719,0,-0.42
"1296",1,1,0.142,3.404,1719,0,-0.42
"1296",1,0,0.522,22.201,1719,0,-0.42
"1296",1,0,0.732,-1.353,1719,0,-0.42
"1296",1,1,-0.248,-0.014,1719,0,-0.42
"1296",1,1,0.322,5.216,1719,0,-0.42
"1296",1,1,0.052,3.587,1719,0,-0.42
"1296",1,1,-0.028,11.162,1719,0,-0.42
"1296",1,1,-0.898,5.982,1719,0,-0.42
"1296",1,0,-0.818,2.814,1719,0,-0.42
"1296",1,1,-1.408,7.272,1719,0,-0.42
"1296",1,0,-1.258,8.895,1719,0,-0.42
"1296",1,0,-0.608,8.773,1719,0,-0.42
"1296",1,1,1.242,12.176,1719,0,-0.42
"1296",0,0,-0.688,3.052,1719,0,-0.42
"1296",1,1,-0.828,6.834,1719,0,-0.42
"1296",1,1,-0.698,3.255,1719,0,-0.42
"1296",1,1,-0.498,6.355,1719,0,-0.42
"1296",1,0,-0.658,11.589,1719,0,-0.42
"1296",1,1,-0.778,8.08,1719,0,-0.42
"1296",1,1,-0.098,19.822,1719,0,-0.42
"1296",1,1,-1.028,14.239,1719,0,-0.42
"1296",1,1,-0.418,1.17,1719,0,-0.42
"1296",1,1,-0.408,-1.127,1719,0,-0.42
"1296",1,0,0.352,10.84,1719,0,-0.42
"1296",1,1,-1.628,6.778,1719,0,-0.42
"1296",1,1,-0.698,9.449,1719,0,-0.42
"1296",1,0,-0.168,5.995,1719,0,-0.42
"1296",1,1,-0.718,4.765,1719,0,-0.42
"1296",1,1,-1.008,14.399,1719,0,-0.42
"1296",1,0,-0.178,6.588,1719,0,-0.42
"1296",1,0,0.392,11.026,1719,0,-0.42
"1296",1,1,-0.358,7.095,1719,0,-0.42
"1296",1,0,-0.628,12.721,1719,0,-0.42
"1296",1,0,-0.038,5.52,1719,0,-0.42
"1296",1,1,0.972,7.353,1719,0,-0.42
"1296",1,1,0.252,7.095,1719,0,-0.42
"1296",1,1,0.332,9.999,1719,0,-0.42
"1296",1,0,-0.308,10.715,1719,0,-0.42
"1308",0,0,0.422,13.233,716,1,0.534
"1308",0,0,0.562,13.952,716,1,0.534
"1308",1,0,-0.058,13.757,716,1,0.534
"1308",0,0,0.952,13.97,716,1,0.534
"1308",0,0,0.622,23.434,716,1,0.534
"1308",0,0,0.832,9.162,716,1,0.534
"1308",0,0,1.512,23.818,716,1,0.534
"1308",0,0,0.622,15.998,716,1,0.534
"1308",1,0,0.332,16.039,716,1,0.534
"1308",0,0,0.442,24.993,716,1,0.534
"1308",1,0,0.582,15.657,716,1,0.534
"1308",0,0,1.102,16.258,716,1,0.534
"1308",0,0,0.892,10.546,716,1,0.534
"1308",1,0,0.802,17.615,716,1,0.534
"1308",1,0,-0.568,21.116,716,1,0.534
"1308",1,0,0.522,6.493,716,1,0.534
"1308",1,0,0.102,2.512,716,1,0.534
"1308",1,0,-0.348,22.393,716,1,0.534
"1308",0,0,0.552,21.488,716,1,0.534
"1308",0,0,0.682,22.676,716,1,0.534
"1317",0,1,0.882,12.862,455,1,0.351
"1317",1,1,0.932,8.961,455,1,0.351
"1317",1,1,-0.158,4.756,455,1,0.351
"1317",1,1,0.362,21.405,455,1,0.351
"1317",0,1,1.372,20.748,455,1,0.351
"1317",1,1,0.132,18.362,455,1,0.351
"1317",0,1,0.132,14.752,455,1,0.351
"1317",1,1,-0.008,11.29,455,1,0.351
"1317",1,1,-0.108,10.493,455,1,0.351
"1317",1,1,0.612,10.956,455,1,0.351
"1317",1,1,0.482,21.405,455,1,0.351
"1317",0,1,0.502,23.355,455,1,0.351
"1317",1,1,0.482,12.283,455,1,0.351
"1317",1,1,0.472,9.257,455,1,0.351
"1317",0,1,-0.578,11.502,455,1,0.351
"1317",1,1,1.152,20.039,455,1,0.351
"1317",1,1,-0.288,21.405,455,1,0.351
"1317",1,1,0.942,23.736,455,1,0.351
"1317",1,1,0.722,11.027,455,1,0.351
"1317",1,1,-0.108,17.203,455,1,0.351
"1317",1,1,1.462,10.661,455,1,0.351
"1317",1,1,-0.028,7.031,455,1,0.351
"1317",0,1,0.702,13.677,455,1,0.351
"1317",1,1,0.082,13.373,455,1,0.351
"1317",1,1,-0.108,10.121,455,1,0.351
"1317",1,1,0.322,10.394,455,1,0.351
"1317",1,1,0.302,6.973,455,1,0.351
"1317",0,1,-0.098,11.064,455,1,0.351
"1317",1,1,-0.848,11.531,455,1,0.351
"1317",1,1,-1.248,8.253,455,1,0.351
"1317",1,1,0.122,7.142,455,1,0.351
"1317",1,1,0.272,3.22,455,1,0.351
"1317",0,1,0.582,15.784,455,1,0.351
"1317",1,1,0.642,17.246,455,1,0.351
"1317",1,1,0.952,9.337,455,1,0.351
"1317",1,1,-0.258,15.555,455,1,0.351
"1317",1,1,0.492,8.382,455,1,0.351
"1317",0,1,0.992,11.621,455,1,0.351
"1317",1,1,0.832,4.81,455,1,0.351
"1317",1,1,-0.068,17.869,455,1,0.351
"1317",1,1,-0.088,8.057,455,1,0.351
"1317",1,1,0.972,11.794,455,1,0.351
"1317",0,1,0.542,18.939,455,1,0.351
"1317",1,1,0.132,20.261,455,1,0.351
"1317",1,1,-0.008,10.066,455,1,0.351
"1317",0,1,0.812,20.236,455,1,0.351
"1317",0,1,1.122,4.508,455,1,0.351
"1317",0,1,0.062,18.827,455,1,0.351
"1358",1,0,0.032,-1.347,1430,0,-0.014
"1358",0,1,-1.088,8.054,1430,0,-0.014
"1358",0,0,0.372,15.655,1430,0,-0.014
"1358",0,0,-0.568,11.648,1430,0,-0.014
"1358",0,0,-0.328,11.629,1430,0,-0.014
"1358",0,1,-0.018,18.687,1430,0,-0.014
"1358",1,0,-1.208,-0.827,1430,0,-0.014
"1358",0,0,-0.098,7.87,1430,0,-0.014
"1358",0,0,0.942,18.115,1430,0,-0.014
"1358",0,1,-1.408,3.792,1430,0,-0.014
"1358",0,0,0.122,11.03,1430,0,-0.014
"1358",0,1,0.362,7.564,1430,0,-0.014
"1358",1,1,-0.708,3.465,1430,0,-0.014
"1358",0,0,0.252,15.038,1430,0,-0.014
"1358",0,1,0.312,10.184,1430,0,-0.014
"1358",0,1,-0.678,2.933,1430,0,-0.014
"1358",0,0,-0.148,8.438,1430,0,-0.014
"1358",0,1,-0.168,7.519,1430,0,-0.014
"1358",0,0,1.092,18.735,1430,0,-0.014
"1358",0,1,0.232,10.19,1430,0,-0.014
"1358",0,0,0.422,16.294,1430,0,-0.014
"1358",0,0,1.282,10.65,1430,0,-0.014
"1358",0,0,-0.248,10.301,1430,0,-0.014
"1358",0,0,0.952,17.811,1430,0,-0.014
"1358",0,1,-0.038,14.646,1430,0,-0.014
"1358",0,1,-0.398,17.191,1430,0,-0.014
"1358",0,0,0.162,8.69,1430,0,-0.014
"1358",0,0,0.682,21.142,1430,0,-0.014
"1358",0,0,-0.668,16.499,1430,0,-0.014
"1358",0,0,-0.038,14.591,1430,0,-0.014
"1374",0,0,0.322,16.663,2400,0,-0.007
"1374",1,1,0.212,-2.155,2400,0,-0.007
"1374",1,1,0.682,0.085,2400,0,-0.007
"1374",0,1,-0.148,18.804,2400,0,-0.007
"1374",1,1,-0.468,2.409,2400,0,-0.007
"1374",0,1,0.842,16.759,2400,0,-0.007
"1374",1,0,0.072,18.948,2400,0,-0.007
"1374",0,1,0.332,10.593,2400,0,-0.007
"1374",0,0,-0.858,15.557,2400,0,-0.007
"1374",0,0,0.902,23.419,2400,0,-0.007
"1374",1,0,1.242,0.333,2400,0,-0.007
"1374",0,0,-0.738,-2.002,2400,0,-0.007
"1374",0,0,0.362,24.041,2400,0,-0.007
"1374",1,0,0.712,-2.657,2400,0,-0.007
"1374",0,1,0.452,7.603,2400,0,-0.007
"1374",1,0,-0.598,5.803,2400,0,-0.007
"1374",1,0,-1.028,3.931,2400,0,-0.007
"1374",0,0,-0.338,8.268,2400,0,-0.007
"1374",0,0,-0.948,1.344,2400,0,-0.007
"1374",1,0,0.292,16.449,2400,0,-0.007
"1374",0,1,-1.218,2.881,2400,0,-0.007
"1374",0,1,0.492,20.93,2400,0,-0.007
"1374",0,0,1.152,22.086,2400,0,-0.007
"1374",0,1,-0.758,7.653,2400,0,-0.007
"1374",0,1,-0.298,8.082,2400,0,-0.007
"1374",0,1,-0.478,5.503,2400,0,-0.007
"1374",0,1,0.192,9.004,2400,0,-0.007
"1374",0,0,-0.738,12.063,2400,0,-0.007
"1433",0,0,0.812,12.907,899,1,0.718
"1433",0,0,1.332,18.496,899,1,0.718
"1433",0,0,-0.338,20.323,899,1,0.718
"1433",0,0,1.082,22.682,899,1,0.718
"1433",0,0,0.542,14.198,899,1,0.718
"1433",0,0,0.382,24.044,899,1,0.718
"1433",0,0,0.592,19.571,899,1,0.718
"1433",0,0,0.852,22.183,899,1,0.718
"1433",0,0,-0.368,16.676,899,1,0.718
"1433",0,0,1.022,23.327,899,1,0.718
"1433",0,0,0.712,16.394,899,1,0.718
"1433",0,0,0.272,23.032,899,1,0.718
"1433",0,0,1.182,18.586,899,1,0.718
"1433",0,0,-0.588,15.246,899,1,0.718
"1433",0,0,1.282,20.731,899,1,0.718
"1433",0,0,0.942,20.447,899,1,0.718
"1433",0,0,1.512,23.572,899,1,0.718
"1433",0,0,0.222,17.571,899,1,0.718
"1433",0,0,0.992,24.993,899,1,0.718
"1433",0,0,1.362,24.421,899,1,0.718
"1433",0,0,0.482,11.478,899,1,0.718
"1433",0,0,1.292,24.812,899,1,0.718
"1433",0,0,1.072,22.093,899,1,0.718
"1433",0,0,0.562,18.716,899,1,0.718
"1433",0,0,-0.218,23.392,899,1,0.718
"1433",0,0,1.512,15.992,899,1,0.718
"1433",0,0,0.772,13.254,899,1,0.718
"1433",0,0,0.952,24.812,899,1,0.718
"1433",0,0,1.392,22.086,899,1,0.718
"1433",1,0,1.002,24.479,899,1,0.718
"1433",0,0,0.932,16.724,899,1,0.718
"1433",0,0,-0.458,20.628,899,1,0.718
"1433",0,0,-0.198,14.544,899,1,0.718
"1433",0,0,0.952,19.033,899,1,0.718
"1433",0,0,1.072,18.727,899,1,0.718
"1436",0,0,0.222,24.133,185,1,0.569
"1436",0,0,-0.078,18.77,185,1,0.569
"1436",0,0,1.512,21.803,185,1,0.569
"1436",0,0,0.212,9.561,185,1,0.569
"1436",0,1,0.792,15.132,185,1,0.569
"1436",0,1,1.342,22.387,185,1,0.569
"1436",0,0,0.242,22.578,185,1,0.569
"1436",0,0,-0.298,18.763,185,1,0.569
"1436",0,0,-1.038,18.301,185,1,0.569
"1436",0,0,0.682,15.879,185,1,0.569
"1436",0,0,0.802,20.424,185,1,0.569
"1436",0,0,0.952,23.072,185,1,0.569
"1436",0,1,1.002,13.12,185,1,0.569
"1436",0,0,1.142,18.844,185,1,0.569
"1436",0,1,0.482,17.495,185,1,0.569
"1436",0,1,1.512,15.615,185,1,0.569
"1436",0,1,0.242,11.001,185,1,0.569
"1436",0,1,1.222,17.103,185,1,0.569
"1436",0,1,-0.298,21.56,185,1,0.569
"1436",0,0,-0.338,19.419,185,1,0.569
"1436",0,1,1.042,18.471,185,1,0.569
"1436",0,0,0.672,22.868,185,1,0.569
"1436",0,0,0.732,14.138,185,1,0.569
"1436",0,0,0.822,23.271,185,1,0.569
"1436",0,0,0.362,13.472,185,1,0.569
"1436",0,0,-0.318,17.465,185,1,0.569
"1436",0,0,0.682,16.038,185,1,0.569
"1436",0,0,0.712,22.455,185,1,0.569
"1436",0,0,0.542,18.984,185,1,0.569
"1436",0,0,0.252,12.535,185,1,0.569
"1436",0,1,0.482,16.568,185,1,0.569
"1436",0,0,-0.028,22.592,185,1,0.569
"1436",0,0,0.252,16.886,185,1,0.569
"1436",0,0,0.702,22.985,185,1,0.569
"1436",0,1,0.212,6.798,185,1,0.569
"1436",0,1,0.342,5.51,185,1,0.569
"1436",0,0,1.342,24.479,185,1,0.569
"1436",0,1,1.512,18.827,185,1,0.569
"1436",0,1,1.212,20.268,185,1,0.569
"1436",0,0,1.122,24.993,185,1,0.569
"1436",0,0,0.272,15.06,185,1,0.569
"1436",0,1,0.782,20.818,185,1,0.569
"1436",0,0,-0.018,18.33,185,1,0.569
"1436",0,0,0.772,18.14,185,1,0.569
"1461",0,1,0.042,12.962,1672,0,0.683
"1461",0,1,1.282,24.545,1672,0,0.683
"1461",0,1,1.122,13.314,1672,0,0.683
"1461",0,1,1.172,16.929,1672,0,0.683
"1461",0,1,-1.108,3.796,1672,0,0.683
"1461",0,1,0.822,14.581,1672,0,0.683
"1461",0,1,0.482,18.719,1672,0,0.683
"1461",0,1,0.902,12.595,1672,0,0.683
"1461",0,1,1.022,17.326,1672,0,0.683
"1461",0,1,0.602,15.918,1672,0,0.683
"1461",0,0,1.272,23.088,1672,0,0.683
"1461",0,0,1.352,18.259,1672,0,0.683
"1461",0,0,1.422,23.517,1672,0,0.683
"1461",0,0,-0.108,14.157,1672,0,0.683
"1461",0,0,-0.358,17.999,1672,0,0.683
"1461",0,1,1.202,18.858,1672,0,0.683
"1461",0,0,-0.778,22.183,1672,0,0.683
"1461",0,1,1.102,24.993,1672,0,0.683
"1461",0,1,1.012,20.928,1672,0,0.683
"1461",0,0,1.262,22.461,1672,0,0.683
"1461",0,0,1.392,18.322,1672,0,0.683
"1461",0,1,-0.258,2.895,1672,0,0.683
"1461",0,0,0.932,21.007,1672,0,0.683
"1461",0,0,1.062,18.471,1672,0,0.683
"1461",0,0,1.212,24.48,1672,0,0.683
"1461",0,1,0.982,18.471,1672,0,0.683
"1461",0,1,0.462,18.831,1672,0,0.683
"1461",0,1,0.532,18.114,1672,0,0.683
"1461",0,0,1.062,22.685,1672,0,0.683
"1461",0,0,0.172,-0.338,1672,0,0.683
"1461",0,1,0.492,21.09,1672,0,0.683
"1461",1,0,-0.668,-2.832,1672,0,0.683
"1461",0,1,1.262,17.483,1672,0,0.683
"1462",1,0,0.162,1.967,530,1,-0.663
"1462",1,0,-0.758,7.718,530,1,-0.663
"1462",1,0,-0.708,19.043,530,1,-0.663
"1462",1,0,-0.818,20.133,530,1,-0.663
"1462",1,0,-1.918,22.289,530,1,-0.663
"1462",1,0,-0.948,14.277,530,1,-0.663
"1462",1,0,-0.798,10.189,530,1,-0.663
"1462",1,0,-1.458,9.607,530,1,-0.663
"1462",1,0,-0.158,6.125,530,1,-0.663
"1462",1,0,-0.378,23.818,530,1,-0.663
"1462",1,0,-1.068,6.34,530,1,-0.663
"1462",1,0,-0.808,9.437,530,1,-0.663
"1462",1,0,-1.648,8.168,530,1,-0.663
"1462",1,0,-0.288,4.31,530,1,-0.663
"1462",1,0,-0.328,6.986,530,1,-0.663
"1462",1,0,-0.498,21.452,530,1,-0.663
"1462",1,0,-0.158,9.167,530,1,-0.663
"1462",1,0,-0.728,9.625,530,1,-0.663
"1462",1,0,-0.948,0.722,530,1,-0.663
"1462",1,0,-0.728,3.115,530,1,-0.663
"1462",1,0,-1.508,23.066,530,1,-0.663
"1462",1,0,-0.088,4.518,530,1,-0.663
"1462",1,0,-0.638,5.337,530,1,-0.663
"1462",1,0,-0.358,4.103,530,1,-0.663
"1462",1,0,-0.658,15.794,530,1,-0.663
"1462",1,0,-0.958,1.975,530,1,-0.663
"1462",1,0,-1.208,2.693,530,1,-0.663
"1462",1,0,-0.378,13.809,530,1,-0.663
"1462",1,0,-0.918,7.964,530,1,-0.663
"1462",1,0,0.222,2.142,530,1,-0.663
"1462",1,0,0.312,6.035,530,1,-0.663
"1462",1,0,-0.488,17.996,530,1,-0.663
"1462",0,0,0.302,20.792,530,1,-0.663
"1462",1,0,-0.868,9.909,530,1,-0.663
"1462",1,0,-0.708,5.189,530,1,-0.663
"1462",1,0,-1.178,7.772,530,1,-0.663
"1462",1,0,-0.498,12.074,530,1,-0.663
"1462",1,0,0.032,15.103,530,1,-0.663
"1462",1,0,-1.318,11.252,530,1,-0.663
"1462",1,0,-1.948,1.283,530,1,-0.663
"1462",1,0,-0.738,16.975,530,1,-0.663
"1462",1,0,-0.558,8.762,530,1,-0.663
"1462",1,0,-0.518,6.789,530,1,-0.663
"1462",1,0,-1.098,12.283,530,1,-0.663
"1462",1,0,-0.778,11.479,530,1,-0.663
"1462",1,0,-1.068,9.071,530,1,-0.663
"1462",1,0,-0.388,9.474,530,1,-0.663
"1462",1,0,0.222,12.089,530,1,-0.663
"1462",1,0,0.112,16.534,530,1,-0.663
"1462",1,0,-0.528,6.331,530,1,-0.663
"1462",1,0,-0.398,10.386,530,1,-0.663
"1462",1,0,-0.358,8.163,530,1,-0.663
"1462",1,0,-0.598,18.801,530,1,-0.663
"1462",1,0,-1.708,22.581,530,1,-0.663
"1462",1,0,-0.268,16.095,530,1,-0.663
"1462",1,0,-2.058,5.321,530,1,-0.663
"1462",1,0,0.402,3.819,530,1,-0.663
"1477",0,1,-0.178,14.15,531,1,0.166
"1477",0,0,-0.108,3.976,531,1,0.166
"1477",0,0,0.262,3.846,531,1,0.166
"1477",1,0,-0.358,5.238,531,1,0.166
"1477",0,1,0.982,9.349,531,1,0.166
"1477",0,1,0.462,23.765,531,1,0.166
"1477",0,0,-0.208,22.84,531,1,0.166
"1477",0,0,0.812,1.606,531,1,0.166
"1477",0,1,-0.388,19.269,531,1,0.166
"1477",0,0,0.282,17.191,531,1,0.166
"1477",0,0,0.012,16.288,531,1,0.166
"1477",0,0,0.392,7.106,531,1,0.166
"1477",0,0,-1.068,20.714,531,1,0.166
"1477",0,0,0.662,18.171,531,1,0.166
"1477",0,1,0.002,21.951,531,1,0.166
"1477",0,0,-0.388,-2.832,531,1,0.166
"1477",0,0,1.222,20.246,531,1,0.166
"1477",1,1,-0.368,21.75,531,1,0.166
"1477",0,1,-0.588,16.337,531,1,0.166
"1477",0,1,0.642,16.061,531,1,0.166
"1477",0,1,0.892,11.724,531,1,0.166
"1477",0,1,1.152,19.401,531,1,0.166
"1477",0,1,-0.518,2.186,531,1,0.166
"1477",0,1,0.002,23.204,531,1,0.166
"1477",0,0,0.202,12.755,531,1,0.166
"1477",0,0,1.512,14.076,531,1,0.166
"1477",0,0,-0.238,22.493,531,1,0.166
"1477",0,0,0.022,22.714,531,1,0.166
"1477",0,0,0.562,11.031,531,1,0.166
"1477",0,1,-0.658,18.777,531,1,0.166
"1477",0,0,0.352,24.107,531,1,0.166
"1477",0,1,0.702,23.004,531,1,0.166
"1477",1,0,-0.588,8.136,531,1,0.166
"1477",0,1,0.152,10.714,531,1,0.166
"1477",0,1,-0.218,12.59,531,1,0.166
"1477",0,0,0.932,14.732,531,1,0.166
"1477",0,1,1.312,22.396,531,1,0.166
"1477",0,0,0.352,16.304,531,1,0.166
"1477",0,0,-0.748,16.19,531,1,0.166
"1477",0,1,0.652,7.275,531,1,0.166
"1477",0,1,0.652,14.809,531,1,0.166
"1477",0,0,0.042,-0.203,531,1,0.166
"1477",0,0,-0.808,17.967,531,1,0.166
"1477",0,0,1.342,24.247,531,1,0.166
"1477",0,1,1.512,6.946,531,1,0.166
"1477",0,0,0.492,17.791,531,1,0.166
"1477",0,1,0.152,8.856,531,1,0.166
"1477",0,0,-0.818,10.349,531,1,0.166
"1477",0,1,-0.918,9.44,531,1,0.166
"1477",0,1,1.072,4.999,531,1,0.166
"1477",0,1,0.252,7.873,531,1,0.166
"1477",0,0,-0.548,17.007,531,1,0.166
"1477",0,0,0.072,16.262,531,1,0.166
"1477",0,1,-1.408,0.466,531,1,0.166
"1477",0,0,0.052,18.887,531,1,0.166
"1477",0,0,-0.118,24.812,531,1,0.166
"1477",0,0,1.212,15.245,531,1,0.166
"1477",0,1,-0.268,14.958,531,1,0.166
"1477",0,0,-0.248,12.508,531,1,0.166
"1477",0,0,0.632,21.853,531,1,0.166
"1477",0,1,-0.158,20.844,531,1,0.166
"1477",0,1,-0.208,5.418,531,1,0.166
"1499",0,1,-0.678,5.608,1921,0,-0.46
"1499",0,1,-0.158,18.352,1921,0,-0.46
"1499",0,1,-0.468,5.949,1921,0,-0.46
"1499",1,1,-0.148,-1.462,1921,0,-0.46
"1499",1,1,-0.928,4.087,1921,0,-0.46
"1499",0,1,-0.218,10.258,1921,0,-0.46
"1499",0,0,0.662,21.791,1921,0,-0.46
"1499",0,0,-0.228,1.365,1921,0,-0.46
"1499",0,1,-0.368,1.73,1921,0,-0.46
"1499",1,1,0.342,5.093,1921,0,-0.46
"1499",0,0,0.692,17.572,1921,0,-0.46
"1499",1,0,-0.898,11.211,1921,0,-0.46
"1499",1,1,-0.578,6.018,1921,0,-0.46
"1499",0,1,-1.178,6.394,1921,0,-0.46
"1499",1,0,-1.608,14.681,1921,0,-0.46
"1499",1,0,-1.048,11.868,1921,0,-0.46
"1499",1,1,0.382,2.404,1921,0,-0.46
"1499",0,1,-0.958,2.042,1921,0,-0.46
"1499",1,1,0.432,11.685,1921,0,-0.46
"1499",1,0,-1.808,-0.818,1921,0,-0.46
"1499",1,1,-1.068,6.718,1921,0,-0.46
"1499",0,1,-0.008,13.72,1921,0,-0.46
"1499",0,0,0.222,21.907,1921,0,-0.46
"1499",0,1,-0.498,-2.195,1921,0,-0.46
"1499",0,1,-0.258,8.519,1921,0,-0.46
"1499",1,1,-1.788,1.679,1921,0,-0.46
"1499",0,1,-0.648,-1.744,1921,0,-0.46
"1499",0,1,-0.178,6.795,1921,0,-0.46
"1499",1,1,-1.078,4.179,1921,0,-0.46
"1499",0,0,-0.398,7.709,1921,0,-0.46
"1499",0,1,0.832,5.35,1921,0,-0.46
"1499",1,1,-0.678,0.259,1921,0,-0.46
"1499",1,0,-0.348,7.983,1921,0,-0.46
"1499",0,0,0.192,9.901,1921,0,-0.46
"1499",1,1,-1.468,2.497,1921,0,-0.46
"1499",0,1,0.362,23.542,1921,0,-0.46
"1499",1,1,-0.328,13.571,1921,0,-0.46
"1499",0,1,-0.148,21.421,1921,0,-0.46
"1499",0,1,-0.938,3.676,1921,0,-0.46
"1499",1,0,-0.018,4.856,1921,0,-0.46
"1499",0,1,0.842,14.056,1921,0,-0.46
"1499",1,0,-1.598,1.67,1921,0,-0.46
"1499",0,0,-0.218,8.401,1921,0,-0.46
"1499",1,0,-1.068,10.964,1921,0,-0.46
"1499",0,0,-0.628,11.955,1921,0,-0.46
"1499",1,1,-1.068,1.647,1921,0,-0.46
"1499",0,1,-1.118,4.267,1921,0,-0.46
"1499",0,0,-0.228,5.376,1921,0,-0.46
"1499",0,0,0.282,6.672,1921,0,-0.46
"1499",1,1,-1.818,8.532,1921,0,-0.46
"1499",0,1,0.542,5.681,1921,0,-0.46
"1499",1,0,-1.718,2.727,1921,0,-0.46
"1499",0,0,0.102,7.88,1921,0,-0.46
"1637",0,0,-0.158,4.213,100,0,-0.699
"1637",1,0,-0.658,10.524,100,0,-0.699
"1637",0,0,0.622,5.571,100,0,-0.699
"1637",1,1,-1.748,4.062,100,0,-0.699
"1637",0,0,0.232,9.826,100,0,-0.699
"1637",1,1,-0.368,-0.538,100,0,-0.699
"1637",1,1,-0.388,7.032,100,0,-0.699
"1637",1,0,-1.238,-1.437,100,0,-0.699
"1637",0,0,-0.968,3.77,100,0,-0.699
"1637",1,1,-0.498,6.689,100,0,-0.699
"1637",1,1,-0.028,-2.832,100,0,-0.699
"1637",1,0,-1.688,1.74,100,0,-0.699
"1637",1,1,-0.648,4.814,100,0,-0.699
"1637",1,1,-0.688,7.723,100,0,-0.699
"1637",1,1,-1.408,3.595,100,0,-0.699
"1637",0,0,0.742,24.993,100,0,-0.699
"1637",1,0,-1.948,17.621,100,0,-0.699
"1637",0,1,-0.688,18.052,100,0,-0.699
"1637",1,1,-1.518,7.138,100,0,-0.699
"1637",1,1,-0.758,2.202,100,0,-0.699
"1637",0,1,-1.278,6.065,100,0,-0.699
"1637",1,1,-1.548,11.613,100,0,-0.699
"1637",1,1,-0.708,-1.211,100,0,-0.699
"1637",1,1,0.242,14.536,100,0,-0.699
"1637",1,0,-1.748,-2.374,100,0,-0.699
"1637",0,1,0.362,20.394,100,0,-0.699
"1637",1,0,-0.568,5.87,100,0,-0.699
"1906",1,1,0.132,14.449,400,1,0.518
"1906",0,1,0.382,20.455,400,1,0.518
"1906",0,1,1.082,22.826,400,1,0.518
"1906",0,1,-0.538,16.801,400,1,0.518
"1906",1,1,0.992,9.995,400,1,0.518
"1906",0,1,-0.588,23.482,400,1,0.518
"1906",0,0,0.822,17.985,400,1,0.518
"1906",0,0,0.702,14.63,400,1,0.518
"1906",0,0,1.012,16.667,400,1,0.518
"1906",0,0,0.602,14.171,400,1,0.518
"1906",0,1,-0.298,20.115,400,1,0.518
"1906",0,1,-0.518,4.805,400,1,0.518
"1906",0,0,0.592,22.107,400,1,0.518
"1906",0,1,0.382,21.122,400,1,0.518
"1906",0,1,0.152,10.484,400,1,0.518
"1906",0,1,-0.088,21.028,400,1,0.518
"1906",0,0,0.202,24.457,400,1,0.518
"1906",0,0,-0.278,0.901,400,1,0.518
"1906",1,0,-0.508,13.83,400,1,0.518
"1906",0,0,1.512,23.345,400,1,0.518
"1906",0,0,1.122,22.222,400,1,0.518
"1906",0,0,1.512,7.865,400,1,0.518
"1906",0,1,-0.068,14.798,400,1,0.518
"1906",0,1,0.462,11.586,400,1,0.518
"1906",0,1,0.362,7.297,400,1,0.518
"1906",0,0,1.082,21.556,400,1,0.518
"1906",0,1,1.512,18.386,400,1,0.518
"1906",0,0,0.802,23.062,400,1,0.518
"1906",0,0,0.272,12.15,400,1,0.518
"1906",0,0,1.152,24.247,400,1,0.518
"1906",0,1,1.122,18.531,400,1,0.518
"1906",0,0,-0.138,4.94,400,1,0.518
"1906",0,1,0.292,7.663,400,1,0.518
"1906",0,0,0.272,16.426,400,1,0.518
"1906",0,1,-0.138,24.479,400,1,0.518
"1906",0,0,1.292,22.59,400,1,0.518
"1906",0,0,1.422,18.189,400,1,0.518
"1906",0,0,0.952,15.602,400,1,0.518
"1906",1,0,0.002,11.04,400,1,0.518
"1906",0,1,0.532,12.916,400,1,0.518
"1906",0,1,1.512,6.992,400,1,0.518
"1906",0,1,1.012,24.479,400,1,0.518
"1906",0,0,-0.378,8.609,400,1,0.518
"1906",0,1,0.632,12.152,400,1,0.518
"1906",0,1,0.892,21.572,400,1,0.518
"1906",0,1,1.292,17.926,400,1,0.518
"1906",1,0,0.282,-1.603,400,1,0.518
"1906",0,0,0.102,23.231,400,1,0.518
"1906",0,1,1.012,10.257,400,1,0.518
"1906",0,1,-0.048,20.194,400,1,0.518
"1906",0,1,1.012,16.312,400,1,0.518
"1906",0,0,0.412,17.127,400,1,0.518
"1906",0,0,-0.188,20.66,400,1,0.518
"1909",0,0,0.482,12.165,1357,0,0.254
"1909",0,1,0.272,18.478,1357,0,0.254
"1909",0,1,-1.288,7.892,1357,0,0.254
"1909",0,0,0.762,8.645,1357,0,0.254
"1909",0,1,0.642,17.342,1357,0,0.254
"1909",0,0,1.172,8.357,1357,0,0.254
"1909",0,1,0.182,13.907,1357,0,0.254
"1909",0,0,0.972,23.096,1357,0,0.254
"1909",0,0,-0.028,7.539,1357,0,0.254
"1909",0,0,1.022,23.286,1357,0,0.254
"1909",0,1,0.892,14.593,1357,0,0.254
"1909",0,0,-0.018,22.053,1357,0,0.254
"1909",0,0,-0.478,12.5,1357,0,0.254
"1909",0,0,1.512,23.93,1357,0,0.254
"1909",0,1,-0.138,4.605,1357,0,0.254
"1909",0,1,-0.718,15.322,1357,0,0.254
"1909",0,0,-0.738,5.69,1357,0,0.254
"1909",0,1,-0.148,18.638,1357,0,0.254
"1909",0,1,0.892,17.06,1357,0,0.254
"1909",0,0,0.532,19.385,1357,0,0.254
"1909",0,0,-0.178,17.416,1357,0,0.254
"1909",0,0,-0.118,20.664,1357,0,0.254
"1909",0,1,0.312,22.585,1357,0,0.254
"1909",0,0,-0.258,16,1357,0,0.254
"1909",0,0,0.682,7.327,1357,0,0.254
"1909",0,0,0.332,12.279,1357,0,0.254
"1909",0,0,1.362,8.132,1357,0,0.254
"1909",0,1,-0.968,4.967,1357,0,0.254
"1942",0,1,0.802,16.387,959,0,0.688
"1942",0,1,1.072,24.993,959,0,0.688
"1942",0,1,0.702,21.084,959,0,0.688
"1942",1,0,0.922,22.337,959,0,0.688
"1942",0,0,1.372,12.398,959,0,0.688
"1942",0,0,0.412,24.041,959,0,0.688
"1942",0,0,1.162,23.856,959,0,0.688
"1942",0,0,-0.568,20.514,959,0,0.688
"1942",0,1,1.282,23.023,959,0,0.688
"1942",0,1,0.052,11.015,959,0,0.688
"1942",0,0,0.552,15.63,959,0,0.688
"1942",0,1,1.052,23.613,959,0,0.688
"1942",0,1,1.192,16.903,959,0,0.688
"1942",0,0,0.312,13.926,959,0,0.688
"1942",0,0,1.152,17.344,959,0,0.688
"1942",0,1,0.212,20.979,959,0,0.688
"1942",0,0,0.902,11.204,959,0,0.688
"1942",0,0,1.032,22.116,959,0,0.688
"1942",0,1,0.002,9.468,959,0,0.688
"1942",0,1,0.132,18.211,959,0,0.688
"1942",0,0,-0.298,22.681,959,0,0.688
"1942",0,1,0.442,21.991,959,0,0.688
"1942",0,1,0.642,14.13,959,0,0.688
"1942",0,1,1.242,20.088,959,0,0.688
"1942",0,0,1.192,24.479,959,0,0.688
"1942",0,1,0.442,22.288,959,0,0.688
"1942",0,1,1.512,3.209,959,0,0.688
"1942",0,1,0.532,14.702,959,0,0.688
"1942",0,0,0.322,12.606,959,0,0.688
"1946",0,0,1.002,24.993,1646,0,0.01
"1946",0,1,-0.308,9.154,1646,0,0.01
"1946",0,0,1.312,19.017,1646,0,0.01
"1946",0,0,0.882,21.062,1646,0,0.01
"1946",0,0,0.012,18.04,1646,0,0.01
"1946",1,0,1.382,11.075,1646,0,0.01
"1946",0,0,-0.278,7.84,1646,0,0.01
"1946",0,0,0.462,22.326,1646,0,0.01
"1946",0,1,0.052,1.755,1646,0,0.01
"1946",1,1,-1.068,7.341,1646,0,0.01
"1946",0,1,0.762,23.834,1646,0,0.01
"1946",0,0,0.462,4.784,1646,0,0.01
"1946",0,0,0.102,8.755,1646,0,0.01
"1946",0,1,0.172,7.833,1646,0,0.01
"1946",0,1,0.062,11.71,1646,0,0.01
"1946",0,0,0.492,22.986,1646,0,0.01
"1946",0,1,-0.758,16.863,1646,0,0.01
"1946",0,1,0.632,2.913,1646,0,0.01
"1946",1,0,-1.058,21.883,1646,0,0.01
"1946",0,1,-0.648,6.358,1646,0,0.01
"1946",0,1,-0.118,7.938,1646,0,0.01
"1946",0,1,-1.378,7.937,1646,0,0.01
"1946",0,1,0.492,22.254,1646,0,0.01
"1946",0,0,-1.248,8.375,1646,0,0.01
"1946",1,0,0.402,18.362,1646,0,0.01
"1946",0,1,0.312,12.624,1646,0,0.01
"1946",0,1,-0.588,14.393,1646,0,0.01
"1946",0,0,-0.008,19.117,1646,0,0.01
"1946",0,0,0.012,22.354,1646,0,0.01
"1946",0,1,-0.458,17.672,1646,0,0.01
"1946",0,1,-1.398,3.605,1646,0,0.01
"1946",0,1,-0.128,7.778,1646,0,0.01
"1946",0,0,0.792,14.635,1646,0,0.01
"1946",0,1,-0.248,10.79,1646,0,0.01
"1946",0,0,-0.158,6.149,1646,0,0.01
"1946",0,1,-0.138,4.468,1646,0,0.01
"1946",0,1,-0.318,3.209,1646,0,0.01
"1946",0,0,0.802,11.625,1646,0,0.01
"1946",0,0,-0.138,19.622,1646,0,0.01
"2030",1,0,0.382,16.028,1332,0,0.334
"2030",0,0,0.862,12.927,1332,0,0.334
"2030",0,1,0.072,9.733,1332,0,0.334
"2030",0,1,0.782,20.932,1332,0,0.334
"2030",0,1,1.512,7.054,1332,0,0.334
"2030",0,0,1.022,4.461,1332,0,0.334
"2030",0,0,1.182,18.399,1332,0,0.334
"2030",0,0,1.202,15.332,1332,0,0.334
"2030",0,0,-0.218,11.536,1332,0,0.334
"2030",0,0,0.402,15.893,1332,0,0.334
"2030",0,0,-0.458,5.912,1332,0,0.334
"2030",0,1,0.552,23.108,1332,0,0.334
"2030",0,0,0.932,5.129,1332,0,0.334
"2030",0,1,-0.828,9.32,1332,0,0.334
"2030",0,0,-0.918,8.255,1332,0,0.334
"2030",0,1,-0.118,4.756,1332,0,0.334
"2030",0,1,0.972,9.184,1332,0,0.334
"2030",0,0,-0.878,6.21,1332,0,0.334
"2030",0,0,0.472,14.699,1332,0,0.334
"2030",0,0,1.512,15.463,1332,0,0.334
"2030",0,1,-0.188,2.796,1332,0,0.334
"2030",0,1,-0.538,15.564,1332,0,0.334
"2030",0,0,-0.538,13.452,1332,0,0.334
"2030",0,1,0.712,16.257,1332,0,0.334
"2030",0,0,0.172,19.887,1332,0,0.334
"2030",0,1,-1.178,11.883,1332,0,0.334
"2030",1,0,0.172,2.731,1332,0,0.334
"2030",0,0,0.982,4.696,1332,0,0.334
"2030",0,1,1.142,1.227,1332,0,0.334
"2030",0,0,0.702,15.608,1332,0,0.334
"2030",0,0,1.072,24.297,1332,0,0.334
"2030",0,1,1.042,2.625,1332,0,0.334
"2030",0,0,0.282,22.167,1332,0,0.334
"2030",0,0,-0.648,10.916,1332,0,0.334
"2030",0,0,-0.178,5.366,1332,0,0.334
"2030",0,0,0.212,9.004,1332,0,0.334
"2030",0,1,0.932,13.732,1332,0,0.334
"2030",0,1,0.502,19.118,1332,0,0.334
"2030",0,0,0.272,23.736,1332,0,0.334
"2030",1,1,-0.078,4.328,1332,0,0.334
"2030",0,1,0.242,6.72,1332,0,0.334
"2030",0,1,0.112,12.692,1332,0,0.334
"2030",0,0,-0.118,19.624,1332,0,0.334
"2030",0,0,1.302,16.604,1332,0,0.334
"2030",0,1,0.212,16.569,1332,0,0.334
"2030",0,1,0.352,11.47,1332,0,0.334
"2030",0,0,0.042,10.275,1332,0,0.334
"2208",0,0,0.702,20.633,1061,1,0.429
"2208",0,1,0.002,17.075,1061,1,0.429
"2208",0,1,-0.318,5.958,1061,1,0.429
"2208",0,0,1.022,12.663,1061,1,0.429
"2208",0,1,-0.268,13.684,1061,1,0.429
"2208",0,1,-0.148,17.699,1061,1,0.429
"2208",0,0,1.652,16.658,1061,1,0.429
"2208",0,0,1.202,23.449,1061,1,0.429
"2208",0,0,0.012,23.822,1061,1,0.429
"2208",0,1,-0.478,7.847,1061,1,0.429
"2208",0,1,1.392,18.46,1061,1,0.429
"2208",0,0,1.122,22.136,1061,1,0.429
"2208",0,0,0.842,21.007,1061,1,0.429
"2208",0,1,1.152,23.141,1061,1,0.429
"2208",0,1,0.202,7.237,1061,1,0.429
"2208",0,1,0.662,22.057,1061,1,0.429
"2208",0,1,-0.298,4.206,1061,1,0.429
"2208",0,0,0.772,17.56,1061,1,0.429
"2208",0,1,0.792,12.281,1061,1,0.429
"2208",0,1,1.392,17.706,1061,1,0.429
"2208",0,1,0.432,20.026,1061,1,0.429
"2208",0,1,-0.108,21.744,1061,1,0.429
"2208",0,0,0.982,17.163,1061,1,0.429
"2208",0,0,0.852,11.373,1061,1,0.429
"2208",0,0,-0.188,6.795,1061,1,0.429
"2208",0,0,-0.598,23.159,1061,1,0.429
"2208",0,1,0.562,14.315,1061,1,0.429
"2208",0,1,0.182,3.51,1061,1,0.429
"2208",0,1,-0.118,10.983,1061,1,0.429
"2208",0,0,0.632,13.021,1061,1,0.429
"2208",0,1,-0.438,7.956,1061,1,0.429
"2208",0,0,0.202,8.782,1061,1,0.429
"2208",0,1,1.002,7.155,1061,1,0.429
"2208",0,1,0.572,17.536,1061,1,0.429
"2208",0,1,0.182,4.786,1061,1,0.429
"2208",0,1,0.482,14.15,1061,1,0.429
"2208",0,1,-0.068,19.604,1061,1,0.429
"2208",0,0,-0.348,16.841,1061,1,0.429
"2208",0,1,-0.908,17.839,1061,1,0.429
"2208",0,1,0.772,6.078,1061,1,0.429
"2208",0,0,0.702,11.21,1061,1,0.429
"2208",0,0,0.932,12.497,1061,1,0.429
"2208",0,1,0.932,23.529,1061,1,0.429
"2208",0,0,-0.468,18.196,1061,1,0.429
"2208",0,1,-0.118,16.353,1061,1,0.429
"2208",0,0,0.792,20.628,1061,1,0.429
"2208",0,0,0.202,24.707,1061,1,0.429
"2208",0,1,0.212,21.009,1061,1,0.429
"2208",0,0,0.142,21.89,1061,1,0.429
"2208",0,0,0.112,22.16,1061,1,0.429
"2208",0,0,-0.368,8.438,1061,1,0.429
"2208",0,0,0.782,9.796,1061,1,0.429
"2208",0,0,1.182,23.955,1061,1,0.429
"2208",0,1,1.122,16.76,1061,1,0.429
"2208",0,1,1.202,16.302,1061,1,0.429
"2208",0,1,0.682,19.196,1061,1,0.429
"2208",0,1,0.802,11.457,1061,1,0.429
"2208",0,1,1.032,20.3,1061,1,0.429
"2208",0,1,0.242,14.845,1061,1,0.429
"2208",0,1,-0.218,2.957,1061,1,0.429
"2277",1,1,-0.718,3.472,773,1,-0.756
"2277",1,1,1.762,4.261,773,1,-0.756
"2277",1,1,-1.258,6.328,773,1,-0.756
"2277",1,1,-0.678,10.308,773,1,-0.756
"2277",1,1,-0.708,4.097,773,1,-0.756
"2277",0,1,-0.598,10.24,773,1,-0.756
"2277",1,1,-1.148,8.089,773,1,-0.756
"2277",0,1,-0.798,6.932,773,1,-0.756
"2277",1,1,-1.378,20.906,773,1,-0.756
"2277",1,1,-0.398,3.522,773,1,-0.756
"2277",0,1,-0.548,13.643,773,1,-0.756
"2277",1,1,-0.948,12.865,773,1,-0.756
"2277",1,1,-0.138,8.642,773,1,-0.756
"2277",1,1,-1.198,5.252,773,1,-0.756
"2277",1,1,-1.008,15.778,773,1,-0.756
"2277",1,1,-0.858,10.371,773,1,-0.756
"2277",1,1,-0.468,3.235,773,1,-0.756
"2277",1,1,-0.678,4.782,773,1,-0.756
"2277",1,1,-0.188,3.677,773,1,-0.756
"2277",0,1,-0.218,18.532,773,1,-0.756
"2277",1,1,0.502,1.938,773,1,-0.756
"2277",1,1,-0.208,8.293,773,1,-0.756
"2277",1,1,-0.768,12.412,773,1,-0.756
"2277",1,1,-0.988,16.13,773,1,-0.756
"2277",0,1,-1.448,2.891,773,1,-0.756
"2277",1,1,-1.718,6.701,773,1,-0.756
"2277",1,1,0.052,12.075,773,1,-0.756
"2277",1,1,-0.178,10.425,773,1,-0.756
"2277",1,1,-1.308,12.573,773,1,-0.756
"2277",1,1,-1.648,9.146,773,1,-0.756
"2277",1,1,-1.058,4.559,773,1,-0.756
"2277",0,1,-1.158,2.38,773,1,-0.756
"2277",1,1,-0.778,8.309,773,1,-0.756
"2277",1,1,0.582,6.061,773,1,-0.756
"2277",1,1,-0.428,6.098,773,1,-0.756
"2277",1,1,-1.458,16.248,773,1,-0.756
"2277",1,1,-1.178,2.462,773,1,-0.756
"2277",1,1,-1.498,4.069,773,1,-0.756
"2277",1,1,-1.278,15.922,773,1,-0.756
"2277",0,1,-0.398,18.118,773,1,-0.756
"2277",1,1,0.562,13.484,773,1,-0.756
"2277",1,1,-0.528,4.579,773,1,-0.756
"2277",1,1,-1.438,14.009,773,1,-0.756
"2277",0,1,-0.898,-1.722,773,1,-0.756
"2277",1,1,0.122,4.322,773,1,-0.756
"2277",0,1,-1.208,10.92,773,1,-0.756
"2277",1,1,-1.128,5.081,773,1,-0.756
"2277",0,1,0.442,5.449,773,1,-0.756
"2277",1,1,-1.058,12.725,773,1,-0.756
"2277",1,1,-0.858,14.231,773,1,-0.756
"2277",1,1,-1.078,8.338,773,1,-0.756
"2277",1,1,-1.028,18.592,773,1,-0.756
"2277",0,1,-1.328,14.476,773,1,-0.756
"2277",1,1,-0.298,11.975,773,1,-0.756
"2277",0,1,-1.008,10.967,773,1,-0.756
"2277",1,1,-1.808,22.731,773,1,-0.756
"2277",0,1,-1.448,9.048,773,1,-0.756
"2277",0,1,-0.118,2.837,773,1,-0.756
"2277",1,1,-1.138,21.723,773,1,-0.756
"2277",1,1,-1.388,5.467,773,1,-0.756
"2277",1,1,-1.318,6.18,773,1,-0.756
"2305",1,1,-0.738,16.405,485,1,-0.622
"2305",1,1,-1.178,12.823,485,1,-0.622
"2305",1,1,-0.308,15.256,485,1,-0.622
"2305",1,1,-0.358,12.746,485,1,-0.622
"2305",1,1,-1.518,10.246,485,1,-0.622
"2305",1,1,-0.518,8.94,485,1,-0.622
"2305",1,1,-0.368,-1.005,485,1,-0.622
"2305",1,1,-0.228,17.401,485,1,-0.622
"2305",1,1,0.102,15.192,485,1,-0.622
"2305",1,1,0.052,16.174,485,1,-0.622
"2305",1,1,-0.148,12.433,485,1,-0.622
"2305",1,1,-0.528,16.331,485,1,-0.622
"2305",1,1,-0.648,6.51,485,1,-0.622
"2305",1,1,-0.598,4.082,485,1,-0.622
"2305",1,1,-1.058,6.444,485,1,-0.622
"2305",1,1,-1.178,2.734,485,1,-0.622
"2305",1,1,-0.358,4.005,485,1,-0.622
"2305",1,1,-1.208,14.364,485,1,-0.622
"2305",0,1,0.162,5.624,485,1,-0.622
"2305",1,1,-1.548,11.896,485,1,-0.622
"2305",1,1,0.182,12.313,485,1,-0.622
"2305",0,1,-1.178,10.839,485,1,-0.622
"2305",1,1,-1.698,12.199,485,1,-0.622
"2305",1,1,-0.148,15.062,485,1,-0.622
"2305",1,1,-0.438,11.356,485,1,-0.622
"2305",1,1,-0.388,6.292,485,1,-0.622
"2305",1,1,-0.478,7.141,485,1,-0.622
"2305",1,1,0.442,10.168,485,1,-0.622
"2305",1,1,-0.598,10.567,485,1,-0.622
"2305",1,1,-0.568,12.356,485,1,-0.622
"2305",1,1,-0.058,5.074,485,1,-0.622
"2305",0,1,-1.088,10.581,485,1,-0.622
"2305",1,1,-1.178,13.882,485,1,-0.622
"2305",1,1,-0.468,2.095,485,1,-0.622
"2305",1,1,-0.568,15.898,485,1,-0.622
"2305",1,1,-2.138,14.09,485,1,-0.622
"2305",1,1,-1.608,11.01,485,1,-0.622
"2305",1,1,-0.708,6.407,485,1,-0.622
"2305",1,1,-0.008,2.079,485,1,-0.622
"2305",1,1,-0.858,13.632,485,1,-0.622
"2305",1,1,-0.838,15.303,485,1,-0.622
"2305",1,1,-0.438,10.264,485,1,-0.622
"2305",1,1,-0.888,10.004,485,1,-0.622
"2305",1,1,-0.338,15.857,485,1,-0.622
"2305",1,1,-1.288,18.534,485,1,-0.622
"2305",1,1,0.202,10.927,485,1,-0.622
"2305",1,1,1.242,9.318,485,1,-0.622
"2305",1,1,-0.778,9.917,485,1,-0.622
"2305",1,1,0.122,6.727,485,1,-0.622
"2305",1,1,-1.458,14.901,485,1,-0.622
"2305",1,1,-1.928,13.344,485,1,-0.622
"2305",1,1,-1.128,16.557,485,1,-0.622
"2305",1,1,-0.588,14.038,485,1,-0.622
"2305",1,1,-1.038,10.067,485,1,-0.622
"2305",1,1,-1.028,10.743,485,1,-0.622
"2305",1,1,-0.708,21.352,485,1,-0.622
"2305",1,1,-0.038,11.658,485,1,-0.622
"2305",1,1,-1.378,17.251,485,1,-0.622
"2305",1,1,1.192,16.406,485,1,-0.622
"2305",1,1,0.402,14.009,485,1,-0.622
"2305",1,1,-1.158,7.594,485,1,-0.622
"2305",1,1,-0.938,-0.602,485,1,-0.622
"2305",1,1,-0.768,-0.928,485,1,-0.622
"2305",1,1,-0.348,14.558,485,1,-0.622
"2305",1,1,-0.078,11.596,485,1,-0.622
"2305",1,1,-1.098,15.085,485,1,-0.622
"2305",1,1,-1.268,20.108,485,1,-0.622
"2336",0,0,-0.228,24.404,1523,0,0.448
"2336",0,0,1.132,23.744,1523,0,0.448
"2336",0,1,0.502,17.563,1523,0,0.448
"2336",0,0,0.962,23.696,1523,0,0.448
"2336",0,0,0.942,24.344,1523,0,0.448
"2336",0,1,1.012,14.767,1523,0,0.448
"2336",0,0,0.602,18.836,1523,0,0.448
"2336",0,1,0.532,4.472,1523,0,0.448
"2336",0,1,0.722,20.346,1523,0,0.448
"2336",0,0,1.282,6.92,1523,0,0.448
"2336",0,0,0.492,24.993,1523,0,0.448
"2336",0,1,0.972,20.255,1523,0,0.448
"2336",0,0,0.522,13.082,1523,0,0.448
"2336",0,1,0.912,21.774,1523,0,0.448
"2336",0,1,1.072,19.484,1523,0,0.448
"2336",0,0,0.412,8.572,1523,0,0.448
"2336",0,0,-0.798,21.206,1523,0,0.448
"2336",0,0,1.072,21.218,1523,0,0.448
"2336",0,1,1.092,18.736,1523,0,0.448
"2336",0,0,0.292,9.294,1523,0,0.448
"2336",0,0,0.922,4.807,1523,0,0.448
"2336",0,1,0.842,17.54,1523,0,0.448
"2336",1,1,0.452,13.669,1523,0,0.448
"2336",0,1,0.082,20.389,1523,0,0.448
"2336",0,0,0.912,23.188,1523,0,0.448
"2336",0,0,-0.218,13.853,1523,0,0.448
"2336",0,0,0.352,21.435,1523,0,0.448
"2336",0,1,-0.918,11.351,1523,0,0.448
"2336",0,1,-0.158,21.085,1523,0,0.448
"2336",0,0,0.452,21.185,1523,0,0.448
"2336",0,1,-0.258,10.038,1523,0,0.448
"2336",0,1,1.392,17.242,1523,0,0.448
"2336",0,0,1.392,11.655,1523,0,0.448
"2336",0,0,0.422,15.076,1523,0,0.448
"2336",0,0,0.662,10.529,1523,0,0.448
"2336",0,1,-0.138,10.951,1523,0,0.448
"2336",0,1,1.072,18.487,1523,0,0.448
"2336",0,0,0.922,14.499,1523,0,0.448
"2336",0,0,0.652,22.12,1523,0,0.448
"2336",0,1,-0.428,12.356,1523,0,0.448
"2336",0,1,-0.858,11.23,1523,0,0.448
"2336",0,1,0.072,6.902,1523,0,0.448
"2336",0,0,-0.078,18.254,1523,0,0.448
"2336",0,0,1.172,22.901,1523,0,0.448
"2336",0,1,-0.638,11.571,1523,0,0.448
"2336",0,1,-0.098,24.993,1523,0,0.448
"2336",0,0,-0.728,11.32,1523,0,0.448
"2458",0,1,-0.048,21.403,545,1,0.234
"2458",0,1,1.302,14.005,545,1,0.234
"2458",0,1,0.402,19.153,545,1,0.234
"2458",1,1,-1.058,7.814,545,1,0.234
"2458",1,1,-0.178,9.829,545,1,0.234
"2458",1,1,0.232,22.631,545,1,0.234
"2458",0,1,0.312,23.044,545,1,0.234
"2458",1,1,0.852,22.743,545,1,0.234
"2458",1,1,0.262,17.205,545,1,0.234
"2458",1,1,0.052,12.071,545,1,0.234
"2458",1,1,-0.468,19.161,545,1,0.234
"2458",1,1,-0.268,12.332,545,1,0.234
"2458",0,1,1.512,22.681,545,1,0.234
"2458",1,1,0.182,4.928,545,1,0.234
"2458",1,1,0.242,9.142,545,1,0.234
"2458",0,1,1.072,24.488,545,1,0.234
"2458",1,1,1.172,13.666,545,1,0.234
"2458",0,1,1.082,21.451,545,1,0.234
"2458",1,1,-0.068,5.52,545,1,0.234
"2458",1,1,1.122,9.09,545,1,0.234
"2458",1,1,-0.218,21.299,545,1,0.234
"2458",1,1,0.192,9.922,545,1,0.234
"2458",1,1,0.062,17.666,545,1,0.234
"2458",1,1,0.322,13.095,545,1,0.234
"2458",1,1,-0.448,8.387,545,1,0.234
"2458",1,1,0.842,20.21,545,1,0.234
"2458",1,1,-0.938,8.056,545,1,0.234
"2458",1,1,0.332,23.534,545,1,0.234
"2458",0,1,1.342,15.496,545,1,0.234
"2458",1,1,-0.958,5.215,545,1,0.234
"2458",1,1,-0.888,13.879,545,1,0.234
"2458",0,1,0.192,6.952,545,1,0.234
"2458",0,1,0.872,11.466,545,1,0.234
"2458",0,1,0.772,9.49,545,1,0.234
"2458",0,1,0.422,22.466,545,1,0.234
"2458",1,1,1.102,15.287,545,1,0.234
"2458",1,1,-0.558,5.36,545,1,0.234
"2458",1,1,0.142,2.454,545,1,0.234
"2458",0,1,0.502,20.689,545,1,0.234
"2458",0,1,0.722,18.814,545,1,0.234
"2458",1,1,0.012,16.793,545,1,0.234
"2458",1,1,0.022,10.621,545,1,0.234
"2458",0,1,0.052,10.138,545,1,0.234
"2458",1,1,-0.888,11.333,545,1,0.234
"2458",0,1,-0.828,10.352,545,1,0.234
"2458",0,1,0.382,19.322,545,1,0.234
"2458",1,1,0.272,6.451,545,1,0.234
"2458",1,1,-0.728,16.445,545,1,0.234
"2458",0,1,1.092,13.071,545,1,0.234
"2458",1,1,0.302,15.096,545,1,0.234
"2458",0,1,0.512,9.018,545,1,0.234
"2458",0,1,0.462,10.278,545,1,0.234
"2458",1,1,1.022,11.406,545,1,0.234
"2458",1,1,-0.048,21.186,545,1,0.234
"2458",0,1,0.312,12.293,545,1,0.234
"2458",1,1,-0.918,11.96,545,1,0.234
"2458",0,1,0.432,9.327,545,1,0.234
"2467",0,1,-1.388,7.278,488,0,-0.324
"2467",0,0,-0.848,10.811,488,0,-0.324
"2467",0,1,-0.308,10.838,488,0,-0.324
"2467",0,0,-0.358,15.614,488,0,-0.324
"2467",0,1,-0.648,0.462,488,0,-0.324
"2467",0,1,0.382,23.126,488,0,-0.324
"2467",0,1,-0.108,0.436,488,0,-0.324
"2467",0,0,-0.458,20.276,488,0,-0.324
"2467",0,0,0.702,11.854,488,0,-0.324
"2467",0,1,-0.428,11.796,488,0,-0.324
"2467",0,1,-1.158,6.681,488,0,-0.324
"2467",0,1,-0.138,14.965,488,0,-0.324
"2467",0,1,-0.598,19.048,488,0,-0.324
"2467",0,0,-0.018,-0.15,488,0,-0.324
"2467",0,0,-0.298,5.794,488,0,-0.324
"2467",0,0,-0.808,7.854,488,0,-0.324
"2467",0,1,-0.278,13.718,488,0,-0.324
"2467",0,0,-1.018,5.509,488,0,-0.324
"2467",0,0,0.272,23.294,488,0,-0.324
"2467",0,0,0.542,-2.422,488,0,-0.324
"2467",0,0,-0.348,17.691,488,0,-0.324
"2467",0,0,-0.678,3.031,488,0,-0.324
"2467",0,0,-0.748,9.067,488,0,-0.324
"2467",0,1,-0.218,17.59,488,0,-0.324
"2467",0,1,0.532,16.866,488,0,-0.324
"2467",0,1,-0.798,2.851,488,0,-0.324
"2467",0,0,0.402,7.268,488,0,-0.324
"2467",0,0,-0.478,14.486,488,0,-0.324
"2467",0,1,-0.588,24.012,488,0,-0.324
"2467",0,0,-0.308,7.056,488,0,-0.324
"2467",0,1,-0.358,12.031,488,0,-0.324
"2467",0,0,0.122,7.003,488,0,-0.324
"2467",0,1,-0.658,7.262,488,0,-0.324
"2467",0,0,-0.658,14.525,488,0,-0.324
"2467",0,1,-0.598,4.076,488,0,-0.324
"2467",0,1,-0.908,5.191,488,0,-0.324
"2467",0,0,0.282,16.51,488,0,-0.324
"2467",0,0,1.022,17.246,488,0,-0.324
"2467",0,0,-1.068,3.678,488,0,-0.324
"2467",0,0,0.062,0.861,488,0,-0.324
"2467",0,0,-1.368,-0.26,488,0,-0.324
"2467",0,0,-0.248,14.484,488,0,-0.324
"2467",0,1,-0.118,10.623,488,0,-0.324
"2467",0,1,-0.158,2.669,488,0,-0.324
"2467",0,0,-0.528,18.706,488,0,-0.324
"2467",0,1,-0.208,9.273,488,0,-0.324
"2467",0,1,-0.308,19.114,488,0,-0.324
"2467",0,1,0.212,8.125,488,0,-0.324
"2467",0,0,0.062,6.415,488,0,-0.324
"2467",0,1,-0.678,13.456,488,0,-0.324
"2467",0,1,-0.618,4.667,488,0,-0.324
"2467",0,1,-0.238,5.316,488,0,-0.324
"2526",0,1,-0.528,19.112,572,1,0.333
"2526",0,1,0.522,16.9,572,1,0.333
"2526",0,1,0.692,19.698,572,1,0.333
"2526",0,1,0.412,17.776,572,1,0.333
"2526",0,1,0.852,20.733,572,1,0.333
"2526",0,1,0.752,10.941,572,1,0.333
"2526",0,1,1.222,18.86,572,1,0.333
"2526",0,1,0.172,18.392,572,1,0.333
"2526",0,1,-0.668,12.087,572,1,0.333
"2526",0,1,-0.258,16.605,572,1,0.333
"2526",0,1,-0.028,12.09,572,1,0.333
"2526",0,1,1.122,24.993,572,1,0.333
"2526",0,1,0.632,21.453,572,1,0.333
"2526",0,1,-0.358,17.178,572,1,0.333
"2526",0,1,-0.118,19.963,572,1,0.333
"2526",0,1,0.142,16.036,572,1,0.333
"2526",0,1,1.122,18.227,572,1,0.333
"2526",0,1,-0.588,22.412,572,1,0.333
"2526",0,1,0.842,17.262,572,1,0.333
"2526",0,1,-0.188,12.712,572,1,0.333
"2526",0,1,0.232,22.841,572,1,0.333
"2526",0,1,-0.168,22.437,572,1,0.333
"2526",0,1,1.512,17.212,572,1,0.333
"2526",0,1,-0.298,11.594,572,1,0.333
"2526",0,1,0.812,17.008,572,1,0.333
"2526",0,1,-0.008,13.369,572,1,0.333
"2526",0,1,0.032,19.47,572,1,0.333
"2526",0,1,1.212,17.064,572,1,0.333
"2526",0,1,-0.348,21.537,572,1,0.333
"2526",0,1,0.212,11.453,572,1,0.333
"2526",0,1,1.292,12.838,572,1,0.333
"2526",0,1,0.532,10.81,572,1,0.333
"2526",0,1,0.262,16.602,572,1,0.333
"2526",0,1,0.512,22.387,572,1,0.333
"2526",0,1,0.202,9.628,572,1,0.333
"2526",0,1,0.552,14.569,572,1,0.333
"2526",0,1,0.352,22.381,572,1,0.333
"2526",0,1,-0.258,17.491,572,1,0.333
"2526",0,1,-0.428,20.592,572,1,0.333
"2526",0,1,1.262,11.739,572,1,0.333
"2526",0,1,-1.168,19.698,572,1,0.333
"2526",0,1,-0.408,15.184,572,1,0.333
"2526",0,1,0.472,18.236,572,1,0.333
"2526",0,1,0.492,2.81,572,1,0.333
"2526",0,1,1.152,23.59,572,1,0.333
"2526",0,1,0.702,24.247,572,1,0.333
"2526",0,1,0.842,22.039,572,1,0.333
"2526",0,1,0.192,22.541,572,1,0.333
"2526",0,1,0.932,12.738,572,1,0.333
"2526",0,1,0.422,18.77,572,1,0.333
"2526",0,1,0.762,9.843,572,1,0.333
"2526",0,1,0.562,11.436,572,1,0.333
"2526",0,1,0.802,12.841,572,1,0.333
"2526",0,1,1.022,22.354,572,1,0.333
"2526",0,1,-0.228,20.372,572,1,0.333
"2526",0,1,-0.708,7.359,572,1,0.333
"2526",1,1,-0.428,21.511,572,1,0.333
"2626",0,1,0.492,11.331,2142,0,-0.059
"2626",0,0,0.552,18.24,2142,0,-0.059
"2626",0,1,-0.948,6.624,2142,0,-0.059
"2626",0,1,-0.428,12.141,2142,0,-0.059
"2626",0,1,0.112,15.039,2142,0,-0.059
"2626",0,0,-0.948,14.276,2142,0,-0.059
"2626",0,0,-0.028,24.993,2142,0,-0.059
"2626",0,1,0.822,21.004,2142,0,-0.059
"2626",0,0,-0.128,7.775,2142,0,-0.059
"2626",0,0,0.772,9.463,2142,0,-0.059
"2626",0,1,0.062,10.274,2142,0,-0.059
"2626",0,0,-1.548,17.489,2142,0,-0.059
"2626",0,1,-0.448,10.35,2142,0,-0.059
"2626",0,0,-0.168,23.7,2142,0,-0.059
"2626",0,1,-1.308,-2.544,2142,0,-0.059
"2626",0,1,-0.138,11.136,2142,0,-0.059
"2626",0,1,0.312,9.414,2142,0,-0.059
"2626",0,0,0.702,18.085,2142,0,-0.059
"2626",0,0,-0.098,15.991,2142,0,-0.059
"2626",0,0,0.122,10.53,2142,0,-0.059
"2626",0,0,0.062,11.221,2142,0,-0.059
"2626",0,0,0.892,24.812,2142,0,-0.059
"2626",0,1,-0.118,13.897,2142,0,-0.059
"2626",0,1,-0.688,2.57,2142,0,-0.059
"2626",0,0,-0.708,10.167,2142,0,-0.059
"2626",0,1,0.072,15.783,2142,0,-0.059
"2626",0,1,0.012,15.397,2142,0,-0.059
"2626",0,1,-0.098,17.411,2142,0,-0.059
"2626",0,0,0.062,6.759,2142,0,-0.059
"2626",0,1,-0.258,17.917,2142,0,-0.059
"2626",0,1,0.402,6.745,2142,0,-0.059
"2626",0,0,-0.248,15.246,2142,0,-0.059
"2626",0,1,0.482,7.693,2142,0,-0.059
"2626",0,0,0.562,18.336,2142,0,-0.059
"2626",0,0,-0.358,7.089,2142,0,-0.059
"2626",0,0,-0.428,8.64,2142,0,-0.059
"2626",0,0,0.062,21.656,2142,0,-0.059
"2626",0,0,0.072,22.421,2142,0,-0.059
"2629",1,0,0.622,18.301,1314,1,-0.132
"2629",0,0,0.422,16.488,1314,1,-0.132
"2629",1,0,0.942,11.437,1314,1,-0.132
"2629",1,0,-0.358,19.78,1314,1,-0.132
"2629",0,0,0.132,19.628,1314,1,-0.132
"2629",0,0,-0.118,21.665,1314,1,-0.132
"2629",0,0,-0.688,10.63,1314,1,-0.132
"2629",1,0,-0.328,16.231,1314,1,-0.132
"2629",0,0,-0.278,20.891,1314,1,-0.132
"2629",0,0,0.602,2.882,1314,1,-0.132
"2629",1,0,-0.028,10.861,1314,1,-0.132
"2629",0,0,-0.768,14.691,1314,1,-0.132
"2629",0,0,-0.418,12.327,1314,1,-0.132
"2629",0,0,0.482,3.599,1314,1,-0.132
"2629",1,0,1.212,23.792,1314,1,-0.132
"2629",0,0,0.502,15.18,1314,1,-0.132
"2629",1,0,1.302,21.592,1314,1,-0.132
"2629",0,0,-0.148,19.242,1314,1,-0.132
"2629",0,0,-0.138,14.189,1314,1,-0.132
"2629",1,0,0.422,12.134,1314,1,-0.132
"2629",0,0,-0.708,13.097,1314,1,-0.132
"2629",0,0,0.352,13.913,1314,1,-0.132
"2629",0,0,-0.148,11.437,1314,1,-0.132
"2629",0,0,-0.318,11.116,1314,1,-0.132
"2629",0,0,-0.768,19.111,1314,1,-0.132
"2629",1,0,0.302,9.026,1314,1,-0.132
"2629",0,0,0.862,11.476,1314,1,-0.132
"2629",0,0,0.422,19.188,1314,1,-0.132
"2629",1,0,0.122,22.354,1314,1,-0.132
"2629",0,0,0.892,4.099,1314,1,-0.132
"2629",0,0,-0.998,22.507,1314,1,-0.132
"2629",0,0,-0.738,21.076,1314,1,-0.132
"2629",0,0,0.212,9.696,1314,1,-0.132
"2629",0,0,-0.228,11.684,1314,1,-0.132
"2629",0,0,-1.448,5.547,1314,1,-0.132
"2629",0,0,-0.828,16.089,1314,1,-0.132
"2629",0,0,0.152,22.193,1314,1,-0.132
"2629",0,0,0.242,13.635,1314,1,-0.132
"2629",1,0,0.652,16.748,1314,1,-0.132
"2629",0,0,-1.268,14.209,1314,1,-0.132
"2629",0,0,-1.138,19.688,1314,1,-0.132
"2629",0,0,-0.078,18.323,1314,1,-0.132
"2629",0,0,-0.468,11.32,1314,1,-0.132
"2629",1,0,0.252,15.967,1314,1,-0.132
"2629",0,0,-0.298,17.776,1314,1,-0.132
"2629",0,0,-0.988,7.213,1314,1,-0.132
"2629",0,0,-0.978,15.864,1314,1,-0.132
"2629",0,0,-0.688,16.306,1314,1,-0.132
"2629",0,0,-1.018,6.611,1314,1,-0.132
"2629",0,0,0.282,14.444,1314,1,-0.132
"2629",0,0,-0.708,14.218,1314,1,-0.132
"2629",0,0,-0.048,10.781,1314,1,-0.132
"2629",0,0,0.042,13.667,1314,1,-0.132
"2629",0,0,1.262,19.931,1314,1,-0.132
"2629",0,0,-1.888,13.217,1314,1,-0.132
"2629",0,0,-0.598,17.705,1314,1,-0.132
"2629",0,0,-0.918,22.971,1314,1,-0.132
"2639",1,1,-0.658,10.647,2713,0,-0.958
"2639",1,1,-1.088,4.819,2713,0,-0.958
"2639",1,1,-2.078,3.139,2713,0,-0.958
"2639",1,1,-1.128,5.241,2713,0,-0.958
"2639",1,0,-1.308,17.968,2713,0,-0.958
"2639",1,0,0.172,1.02,2713,0,-0.958
"2639",1,1,-0.178,2.908,2713,0,-0.958
"2639",1,1,-1.178,2.006,2713,0,-0.958
"2639",1,0,-0.128,3.757,2713,0,-0.958
"2639",1,0,-0.558,2.776,2713,0,-0.958
"2639",1,1,-1.348,16.579,2713,0,-0.958
"2639",1,1,-1.318,5.147,2713,0,-0.958
"2639",1,0,-1.218,23.056,2713,0,-0.958
"2639",1,0,-0.478,2.212,2713,0,-0.958
"2639",1,0,-1.108,6.535,2713,0,-0.958
"2639",1,1,-0.898,10.127,2713,0,-0.958
"2639",1,1,-1.738,4.773,2713,0,-0.958
"2639",1,0,-0.628,2.132,2713,0,-0.958
"2639",1,1,-1.368,10.793,2713,0,-0.958
"2639",1,0,-0.368,8.065,2713,0,-0.958
"2639",1,0,-0.748,-1.482,2713,0,-0.958
"2639",1,1,0.302,6.597,2713,0,-0.958
"2639",1,0,-1.098,9.631,2713,0,-0.958
"2639",1,1,-1.788,2.227,2713,0,-0.958
"2639",1,1,0.102,4.676,2713,0,-0.958
"2639",1,1,-0.668,-0.831,2713,0,-0.958
"2639",1,1,-2.128,4.897,2713,0,-0.958
"2639",1,1,-0.888,6.166,2713,0,-0.958
"2639",1,1,-0.948,3.861,2713,0,-0.958
"2639",1,0,-1.448,11.041,2713,0,-0.958
"2639",1,1,-2.018,-1.892,2713,0,-0.958
"2639",1,1,-1.128,2.699,2713,0,-0.958
"2639",1,0,-1.788,13.295,2713,0,-0.958
"2639",1,0,-1.088,-0.763,2713,0,-0.958
"2639",1,1,-0.538,13.807,2713,0,-0.958
"2639",1,0,-1.138,3.089,2713,0,-0.958
"2639",1,0,-0.138,20.618,2713,0,-0.958
"2639",1,0,-1.458,8.978,2713,0,-0.958
"2639",1,1,-1.518,6.208,2713,0,-0.958
"2639",1,1,-1.228,11.076,2713,0,-0.958
"2639",1,1,-0.058,0.42,2713,0,-0.958
"2639",1,0,-0.498,9.832,2713,0,-0.958
"2651",0,0,-0.448,9.962,1524,0,0.069
"2651",0,0,-1.088,8.016,1524,0,0.069
"2651",0,1,0.542,12.146,1524,0,0.069
"2651",0,1,0.532,20.648,1524,0,0.069
"2651",0,1,-0.808,9.011,1524,0,0.069
"2651",0,1,-0.008,12.2,1524,0,0.069
"2651",0,0,-0.278,16.845,1524,0,0.069
"2651",0,1,0.592,15.189,1524,0,0.069
"2651",0,0,0.262,5.889,1524,0,0.069
"2651",0,0,0.612,7.195,1524,0,0.069
"2651",0,1,-0.188,4.706,1524,0,0.069
"2651",0,0,0.072,12.156,1524,0,0.069
"2651",0,1,0.152,11.076,1524,0,0.069
"2651",0,0,-0.118,3.992,1524,0,0.069
"2651",0,0,0.882,17.492,1524,0,0.069
"2651",0,0,1.422,22.492,1524,0,0.069
"2651",0,1,0.062,2.255,1524,0,0.069
"2651",0,0,0.252,6.873,1524,0,0.069
"2651",0,0,0.042,8.364,1524,0,0.069
"2651",0,1,0.032,22.245,1524,0,0.069
"2651",0,0,-0.908,16.992,1524,0,0.069
"2651",0,0,0.012,23.992,1524,0,0.069
"2651",0,1,-0.888,8.1,1524,0,0.069
"2651",0,0,-0.398,14.937,1524,0,0.069
"2651",0,0,0.142,10.816,1524,0,0.069
"2651",0,1,-0.528,-1.923,1524,0,0.069
"2651",0,1,0.162,13.972,1524,0,0.069
"2651",0,0,0.612,18.038,1524,0,0.069
"2651",0,0,0.952,21.981,1524,0,0.069
"2651",0,1,0.522,12.432,1524,0,0.069
"2651",0,0,0.802,13.055,1524,0,0.069
"2651",0,1,-0.338,-0.687,1524,0,0.069
"2651",0,1,-1.768,4.97,1524,0,0.069
"2651",0,1,-0.008,2.983,1524,0,0.069
"2651",0,0,0.552,8.997,1524,0,0.069
"2651",0,0,0.782,20.663,1524,0,0.069
"2651",1,1,0.542,5.678,1524,0,0.069
"2651",1,0,-0.368,-2.544,1524,0,0.069
